package,score
ghc-prim,19.229927485890176
base,16.79643858852916
bytestring,2.4168364045914905
deepseq,2.408470111558886
array,2.3173421701740504
transformers,1.787114405194941
text,1.2511962673509045
containers,1.2362435230391224
integer-gmp,0.8862756518157455
mtl,0.858219333872954
time,0.7337608069993194
template-haskell,0.5220618366803941
binary,0.43716458711121764
filepath,0.4223218799350414
unix,0.40801712331041756
pretty,0.36560626775649474
vector,0.3623691737743278
directory,0.35443000775940514
hashable,0.3441526128273013
amazonka-core,0.34320838096471257
stm,0.3138993806533873
unordered-containers,0.2917392042628413
transformers-compat,0.2757796648010969
aeson,0.2515045923927243
semigroups,0.21954202203921852
attoparsec,0.2136828495453081
primitive,0.20094013345921521
process,0.2008623494740318
parsec,0.19393389934561278
exceptions,0.19224454738752828
random,0.18503414277694816
tagged,0.17988573825820073
blaze-builder,0.17741103583057768
network,0.1729890938671205
transformers-base,0.16350006718518006
monad-control,0.1400616004976568
http-types,0.13797743165473142
lens,0.12826963249730117
conduit,0.1220673265245104
data-default-class,0.11975931154985558
resourcet,0.117201133819685
syb,0.11587136440952121
scientific,0.10926677087715778
QuickCheck,0.10682744688157056
case-insensitive,0.1037775339255081
old-locale,0.10012402813472665
utf8-string,0.0965110519868441
wai,0.09368108675536176
data-default,0.08064023442584223
mmorph,0.08043236761280496
split,0.07894305393791994
cereal,0.07855184088005492
comonad,0.07683374312976578
lifted-base,0.07536204697082904
base64-bytestring,0.07396528117222476
contravariant,0.07330557400451095
async,0.07264555786346424
semigroupoids,0.07255038144293231
pipes,0.07156194737746502
memory,0.06907425404343054
blaze-html,0.06852800218093234
dlist,0.06706335226129083
byteable,0.06665934560956839
conduit-extra,0.0646746149594475
bifunctors,0.063500803067728
http-client,0.0629914284915428
optparse-applicative,0.06247349549120296
blaze-markup,0.06196849556347667
HUnit,0.060835135063415174
network-uri,0.05702556928805672
profunctors,0.055218587706974874
base-compat,0.05472063251533778
safe,0.05463395322456123
Cabal,0.054215999980119556
old-time,0.053478938465474773
distributive,0.05304441671385216
void,0.052521565479148324
ansi-terminal,0.05237344698963119
base-orphans,0.049126447974810486
cryptonite,0.04859542139448243
free,0.04802876438421529
tasty,0.047057265445868315
http-conduit,0.04703300281478792
cryptohash,0.04461306234328883
haskell-src-exts,0.04417717818459717
xml-conduit,0.041815711694020895
xml-types,0.0410063462014012
zlib,0.04049677058960099
hxt,0.04039206774402764
fay-base,0.04019934115931392
http-client-tls,0.040004186256147434
yesod-core,0.03933597033197438
regex-base,0.038601427882398266
fay,0.038352407903202414
mwc-random,0.03696146888963323
extensible-exceptions,0.036939134569493624
cmdargs,0.03492607825072692
microlens,0.03475255872079015
temporary,0.0342118099226816
biocore,0.03418330346238589
parallel,0.03417248350391072
securemem,0.034069482731637506
ansi-wl-pprint,0.033655865959942854
glib,0.0334892665858427
asn1-types,0.033167199442228894
JuicyPixels,0.032990664445700445
servant,0.03294162944340228
monad-logger,0.032862171470336696
shakespeare,0.03202308372761027
unix-compat,0.03192922877410439
either,0.031118728063346496
system-filepath,0.031090567751722607
bytestring-builder,0.030606533130184688
yaml,0.030469559496927635
ihaskell,0.03010778456652775
vault,0.02998897966288991
warp,0.02990641551377803
postgresql-simple,0.029902579796593786
crypto-api,0.02970430366528274
tf-random,0.029702683894789847
tagsoup,0.029229676431861126
time-locale-compat,0.02921961670654339
linear,0.029052003622151146
hourglass,0.028485993244809972
entropy,0.028262412643761104
base-prelude,0.02821976109978632
uuid,0.028141201057873887
persistent,0.028125186404676396
streaming-commons,0.02806885330083268
cpphs,0.0278385711013208
hashtables,0.027570275063362445
crypto-cipher-types,0.027553516127661107
wai-extra,0.027501780681347274
StateVar,0.02739787976841904
hmatrix,0.02735400720099279
base16-bytestring,0.027152288176461422
bindings-DSL,0.027120457987783016
regex-tdfa,0.026875365809144725
hxt-charproperties,0.026615360327726385
asn1-encoding,0.02658693420081229
http-media,0.02658335257297406
regex-posix,0.026430331209272285
connection,0.026214354635712197
fail,0.02583217944043685
data-accessor,0.025796571197562106
fingertree,0.025705481455065286
generic-deriving,0.025646181279319686
test-framework,0.025490050605731094
MonadRandom,0.025460762034401348
MemoTrie,0.025456976877535408
web-routes,0.025367683258179997
tls,0.025134117860685434
monads-tf,0.025102840990736317
resource-pool,0.025021654834868255
haskell-src-meta,0.024996557972320987
fgl,0.024982988741697965
lucid,0.024930164442622253
types-compat,0.024922158641738867
gtk3,0.024592605057312873
safecopy,0.024568467463905227
path-pieces,0.024478792579639752
cairo,0.024350590621518793
cookie,0.02415213211479012
haskell-gi,0.024098780954788363
haskell-gi-base,0.024098780954788363
diagrams-lib,0.023937600958374272
colour,0.023504898819600724
hspec-core,0.023440238532263926
data-default-instances-base,0.023305638382315183
data-default-instances-containers,0.023305638382315183
data-default-instances-dlist,0.023305638382315183
data-default-instances-old-locale,0.023305638382315183
websockets,0.0233010247349482
happstack-server,0.02324426646393648
xml,0.02312221409526432
apiary,0.023111634338565643
base-unicode-symbols,0.02286147849878726
ghc-paths,0.022825031402912924
pipes-parse,0.022709958636518673
constraints,0.022683894389093517
markdown-unlit,0.022313431990817496
data-binary-ieee754,0.022287068234919646
clock,0.022277229880847942
hspec-expectations,0.02224435882489488
HDBC,0.022231742247051035
file-embed,0.02217760701927073
hw-prim,0.02213759389264764
snap-core,0.022132658677402196
uniplate,0.02212262052163542
monad-loops,0.021954859939367497
x509,0.021899561505036597
universe-instances-base,0.0218585507082753
HsOpenSSL,0.02183017128091463
fast-logger,0.021820282196980623
errors,0.021749243242082654
SHA,0.02143603311482148
ghc-tcplugins-extra,0.021359078957120525
stringable,0.021280490049083917
network-transport,0.02125308576938121
mwc-probability,0.02122240831231467
parsers,0.021121741258029535
path,0.02100941056808856
reflection,0.020936717660563493
hw-diagnostics,0.02083321604079261
mime-types,0.02079382417825908
byteorder,0.0207571793053567
HTTP,0.020749429545651805
universe-base,0.020673371942830282
storable-complex,0.02059255765187573
hspec,0.020475121701062863
repa,0.02040405199457383
crypto-random,0.020334280871867325
Diff,0.02026930569140457
ListLike,0.02022498287399848
hsp,0.02008995941679417
unbounded-delays,0.01984322888553827
mono-traversable,0.019817484152665214
free-vl,0.019801972570313197
io-streams,0.019796199504005317
megaparsec,0.019758446001403567
digestive-functors,0.01972916668833933
pureMD5,0.019642991653781458
diagrams-core,0.019536145763729442
adjunctions,0.019521677214256204
lens-aeson,0.019328076166687306
machines,0.019319035713899323
enumerator,0.01918445102019207
monoid-subclasses,0.01916713008247826
aeson-pretty,0.01907457276981921
foldl,0.01906998658968265
th-lift,0.019016413051704737
pretty-show,0.018878099830271725
regex-applicative,0.018800942068450642
wl-pprint-text,0.0187928853001313
kan-extensions,0.01874051661085882
double-conversion,0.018718727607950875
operational,0.01869958533821774
gtk,0.018587691066824747
reform,0.018534165717683217
vector-algorithms,0.018499713128182497
pem,0.01849355098875629
smallcheck,0.01846240958383294
gi-glib,0.01846189993451511
extra,0.018445242732105238
word8,0.01840259140264218
pango,0.01829588742343766
dejafu,0.01824999950826169
iproute,0.0182381378150747
prelude-extras,0.018087456232219943
cipher-aes,0.01803084946473094
ieee754,0.018004163199312577
x509-store,0.017956420425252223
th-orphans,0.017931621537206996
http-api-data,0.017915771528019996
numtype-dk,0.017910100300796337
enclosed-exceptions,0.017770597905675922
srcloc,0.017753496952271183
haskeline,0.017751371214939707
polyparse,0.017744662068629326
bytestring-conversion,0.01773045271367625
jmacro,0.017710152805394737
hspec-discover,0.017708990291937222
string-conversions,0.01764491954372034
pointed,0.017637795830818627
stm-chans,0.017556522431962117
singletons,0.01751225544766812
distributed-process,0.017501806492087123
web-routing,0.01747804087181977
Win32,0.01741882816703108
yesod-form,0.017406729624168112
monoid-extras,0.017380019496951893
regex-compat,0.017329654974415565
pipes-bytestring,0.017313478974295707
hw-bits,0.017289464318462643
atomic-primops,0.017258625321555893
convertible,0.017201843069360425
bytes,0.017179390400168026
logict,0.01715571878101051
mcmc-types,0.01701195022003959
bindings-GLFW,0.017007720116070765
pandoc-types,0.016985136893466226
uuid-types,0.016934846640385835
random-shuffle,0.01689533025195782
configurator,0.016816249073621253
Earley,0.01680242300746618
tar,0.016778311416801056
nats,0.016731708180085843
microlens-th,0.01661700292543354
OpenGLRaw,0.01660454165251417
data-reify,0.01658583978681906
hexstring,0.016544319998828758
x509-validation,0.016537018407172314
strict,0.016484960258815778
gi-gobject,0.016428832191521688
stackage-cli,0.01639347251231278
protocol-buffers,0.016352304746906167
terminal-size,0.016333717570637975
th-extras,0.01613496725253413
pipes-safe,0.01612065017633704
wai-websockets,0.01604957759879452
wai-app-static,0.01596581602081319
ekg-core,0.015956609257700632
mtl-compat,0.015906509754558658
chunked-data,0.015881898753234442
email-validate,0.01583570295183206
dependent-sum,0.015775000024586924
fclabels,0.015754447198627265
cheapskate,0.015734908588553757
gitrev,0.015729776438013755
setenv,0.015702905755275384
persistable-record,0.015679329829579855
zlib-bindings,0.015668456026341208
MissingH,0.015645602564654918
tree-fun,0.015595913045807768
pipes-group,0.01558973221053066
serversession,0.01558890073560179
snap-server,0.01558613598589732
deepseq-generics,0.015574816820351176
cassava,0.015572129788929044
webkitgtk3,0.015497250240296134
composition,0.015466447751137107
generics-sop,0.015466012957805175
vinyl,0.015444999970495709
groups,0.015425223564140252
terminfo,0.01539223770921006
clientsession,0.015391254790188252
erf,0.015349912468918555
hslogger,0.01531581790094353
OneTuple,0.015293722687601994
auto-update,0.015281136649786
lrucache,0.015254837256652543
relational-query,0.015230172307688016
network-info,0.015213803843448373
hsx2hs,0.015140493156173288
charset,0.01513394697473194
open-browser,0.015101258404114798
yesod-persistent,0.015059681962785452
criterion,0.015049495524744938
system-fileio,0.014981548014252057
hxt-unicode,0.014966889235522635
fay-text,0.014949999889358887
stripe-core,0.01494587528053672
io-manager,0.014925373203949967
signal,0.014925373203949967
exception-transformers,0.014900941702362624
list-t,0.014899275132950786
hakyll,0.014867500336840759
network-simple,0.01480302456130074
newtype,0.014781425390880381
wreq,0.01472940601939585
pcre-light,0.014676094619922806
xhtml,0.014653837050938937
nonce,0.014637300668204286
users,0.01461250021122397
conduit-combinators,0.014604899805710739
names-th,0.014552085450193255
prometheus-client,0.014537500282749543
yesod-auth,0.014534189754263585
mmap,0.014525562699292508
snap,0.014522500112652787
bson,0.014505195106467009
cprng-aes,0.014499399499951235
xss-sanitize,0.014489991155258073
csv,0.014471088309088812
unix-time,0.014450302623184313
acid-state,0.014439326092155655
stackage-update,0.014427935540816676
curl,0.014420153232557914
Boolean,0.014399560857549622
either-unwrap,0.014362109102350789
clash-prelude,0.014353157633167947
pandoc,0.014346459475528935
NumInstances,0.014324460746996882
unexceptionalio,0.014306350290255862
lens-family-core,0.014305272495075776
data-lens-light,0.014299181092264204
hxt-regex-xmlschema,0.014270581836074063
highlighting-kate,0.014259262648675063
relational-query-HDBC,0.01423932147969027
distributed-process-extras,0.014239081551208706
gio,0.014234055610277558
servant-server,0.014231398066644115
yesod,0.014194765692706442
prettyclass,0.014189036559475211
random-source,0.014164746554306485
GLFW-b,0.014157010335576193
HList,0.014150342167646858
hedis,0.014137206981206012
Spock,0.014117500130087146
random-fu,0.014082142915576705
keys,0.014079826954214001
filemanip,0.014071969141838645
plot,0.014064696193672725
AC-Vector,0.014031500097044054
crypto-pubkey-types,0.014000468303834083
hw-rankselect,0.013999902261518002
dbus,0.013972397651850777
vty,0.013926122015434146
Glob,0.013864647523332647
hsyslog,0.013825824316591033
mongoDB,0.013821052687708297
clash-lib,0.01380642305011862
primes,0.013776958812722463
stm-containers,0.013775359009727766
asn1-parse,0.013758171088968247
boomerang,0.013733906570707867
half,0.01371890512641408
fixed,0.01371890512641408
monad-parallel,0.0137117723187402
machines-io,0.013700991007155234
rest-core,0.013681291614921072
diagrams-svg,0.013680630759030126
carray,0.013674314265954318
taggy,0.013671897377893162
fsnotify,0.013660025527162887
ix-shapable,0.01362825298030658
pipes-attoparsec,0.013623224397445663
hostname,0.013616191111846603
appar,0.013611151387384033
stringsearch,0.013600733875617489
postgresql-libpq,0.013598134141546188
test-framework-hunit,0.013591428794898101
loch-th,0.013589837792133047
th-reify-many,0.013550461147320073
bitcoin-types,0.01354795455966042
language-javascript,0.013544642361240639
html,0.013512078835630265
json-schema,0.013500451014911253
autoexporter,0.013496649867490584
focus,0.013484989549063537
universe-reverse-instances,0.013465000106953093
cpu,0.013463350084784916
loop,0.013427661185939549
groundhog,0.013422142807394274
executable-path,0.013372187396133356
fb,0.013365340080417818
zip-archive,0.013334849339773887
mime-mail,0.013325304848089243
data-inttrie,0.013300000079907486
hsndfile,0.013300000079907486
inline-c,0.013300000079907486
stripe-http-streams,0.013300000079907486
monad-peel,0.013298350057739309
language-glsl,0.013289036495772748
x509-system,0.01328768419335518
blaze-textual,0.013268716134653002
HaTeX,0.013235953107145076
servant-foreign,0.013235953107145076
lifted-async,0.013230060347148473
th-expand-syns,0.013225826049716225
regex-pcre-builtin,0.013197975165798043
process-extras,0.013196833448952314
clckwrks,0.013164720563218007
http-streams,0.013151409961458044
wl-pprint-extras,0.013150416482172668
persistent-template,0.01314792240240583
mysql,0.013137684421422583
terminal-progress-bar,0.013125013078097264
pwstore-fast,0.01311750702880091
text-icu,0.013096467719419686
latex-formulae-image,0.01308988770922934
latex-formulae-pandoc,0.01308988770922934
diagrams-cairo,0.013080000120680788
web-routes-th,0.013061936552350072
conduit-parse,0.013057380220416245
irc-ctcp,0.013045878982156872
Decimal,0.013015632593314223
authenticate-oauth,0.012993719351668214
stm-delay,0.012984018083079727
pipes-concurrency,0.012969301033857518
Chart,0.012962623965431712
pcre-heavy,0.012959046419805456
digest,0.012950990247671375
base58string,0.012945673974045573
abstract-par,0.012940766472352885
FontyFruity,0.012933327842413838
doctest,0.012930077665293405
math-functions,0.012928509284572393
socks,0.01292363724083252
th-desugar,0.01288952223385487
hledger-lib,0.012888450308875013
rainbow,0.012887500012293466
fixed-vector,0.012886125065851966
hashable-extras,0.012862037405939199
pipes-text,0.01283056582012689
statestack,0.012829298604337973
http-date,0.012827143519905262
agda-snippets,0.012824536321430874
rank1dynamic,0.012821305721389637
ipython-kernel,0.012819225317119015
hastache,0.012817192863006487
protocol-buffers-descriptor,0.012814138559260764
memoize,0.01279425173433902
concurrent-output,0.012791451842131218
vector-th-unbox,0.01277170788041819
diagrams-contrib,0.012747249943204234
bitcoin-tx,0.012733697901790046
hinotify,0.012716395872773385
graphviz,0.012699304169653303
hmatrix-gsl-stats,0.012698500110709582
path-io,0.012690853233680145
HSet,0.012688808844732918
tasty-hunit,0.01268688256891547
haddock-api,0.012686875778362288
HaXml,0.01267701039107211
haskell-lexer,0.01266990267621495
github-types,0.012669857270811926
shelly,0.012662622825407779
wai-logger,0.012656909607599662
hexpat,0.01263824111679555
hscolour,0.01263728219442752
optional-args,0.012634730598676664
stm-conduit,0.012633371664524029
shake,0.012622128664515921
hw-conduit,0.012615642225674746
uu-interleaved,0.012610316693799188
gi-gio,0.012607508242067533
HsSyck,0.012603892643697191
distributed-process-client-server,0.012597924946676366
xdg-basedir,0.012586568930271949
tuple-th,0.01256924032823009
biofasta,0.012561919754957851
dual-tree,0.012548193944842554
edit-distance-vector,0.012547044928489333
text-format,0.01253580579428517
MonadCatchIO-transformers,0.01253301432942769
retry,0.012520249987134061
statistics,0.012506506024753141
stackage-install,0.012504576502680859
fmlist,0.01250284162409466
setlocale,0.012502681492246268
haddock-library,0.012500819081475538
quickcheck-io,0.012492207257913321
accelerate,0.012474999944679448
cacophony,0.012474999944679448
chell,0.012474999944679448
concatenative,0.012474999944679448
GPipe,0.012474999944679448
heap,0.012474999944679448
hid,0.012474999944679448
hjson,0.012474999944679448
IPv6Addr,0.012474999944679448
murmur-hash,0.012474999944679448
persistable-types-HDBC-pg,0.012474999944679448
universe-instances-extended,0.012474999944679448
universe-instances-trans,0.012474999944679448
wai-middleware-caching,0.012474999944679448
alarmclock,0.012468828047169853
questioner,0.012468828047169853
readline,0.012468828047169853
Win32-notify,0.012468828047169853
gl,0.012459531134518337
yesod-static,0.012457419754040609
witherable,0.012454942104524122
engine-io,0.012432142875622967
bcrypt,0.012411062572500678
reducers,0.012399340634958862
amazonka,0.012387151609922084
direct-sqlite,0.012350619687786103
blaze-svg,0.012344389389691068
jmacro-rpc,0.012337499998975553
ClustalParser,0.012335220644047155
mersenne-random-pure64,0.012318976595252032
generic-aeson,0.012305618778826919
monad-par-extras,0.012301047087945972
bitcoin-script,0.012286056610034856
patience,0.012282176581756588
microlens-mtl,0.012281439334318541
test-framework-quickcheck2,0.012271428578533241
text-show,0.01225619177364924
hlint,0.012244676303120474
quickcheck-instances,0.012242613404504171
classy-prelude,0.012242581559344226
cipher-rc4,0.012239285719115296
hvect,0.012197792773695265
RefSerialize,0.012192826528807937
MonadPrompt,0.012192337147134831
vector-binary-instances,0.012190145464298557
css-text,0.012178537725910148
tagshare,0.012176005504427758
wl-pprint,0.012167684583395304
pdf-toolbox-core,0.012164593626512222
iconv,0.012160652872116779
twitter-types,0.012151456541978413
package-description-remote,0.012143214082943958
storable-endian,0.012135163433849822
monad-par,0.01213178679111722
success,0.012125345686968112
feed,0.01209379310486839
inline-r,0.01209000018890948
markdown,0.01209000018890948
composition-extra,0.01208319376807548
trifecta,0.012074546693293933
continued-fractions,0.012073342951916866
converge,0.012073342951916866
authenticate,0.01207305718798638
soap,0.012062499877065428
webdriver,0.012062499877065428
stateref,0.012062309937737162
mysql-simple,0.012052921431826649
tasty-quickcheck,0.012040810158849898
product-profunctors,0.012039942925092183
EdisonAPI,0.012031716936817961
vector-instances,0.012026092505247747
web-plugins,0.012016415854523083
uri-encode,0.012005941623478985
Taxonomy,0.011997686608939635
aeson-qq,0.01198954521477655
timezone-series,0.011989120883192124
bioalign,0.011980000094044962
exact-pi,0.011980000094044962
fft,0.011980000094044962
hsass,0.011980000094044962
polynomials-bernstein,0.011980000094044962
projectroot,0.011980000094044962
ref-fd,0.011980000094044962
state-plus,0.011980000094044962
time-units,0.011980000094044962
type-aligned,0.011980000094044962
haxl,0.011978680837100448
sampling,0.011976047942451237
turtle,0.011976047942451237
turtle-options,0.011976047942451237
xml-to-json-fast,0.011976047942451237
libxml-sax,0.01197429326923385
cipher-des,0.011963996086269626
easy-file,0.011963825428074702
stackage-upload,0.011944658043678709
lens-family,0.011940961958898707
lens-family-th,0.011940961958898707
tostring,0.011931925617066304
cryptohash-cryptoapi,0.011924267398085258
Agda,0.011914690331569196
derive,0.011895920125999764
directory-tree,0.011891920957832562
active,0.01188994090886101
scotty,0.011884711383371304
simple,0.011861538488883534
http2,0.011835231885317007
hint,0.01182062697756176
syb-with-class,0.01181935866000459
sets,0.011812178641538284
magic,0.011781727861380212
text-postgresql,0.011764321419759662
lens-simple,0.011763405576348314
timerep,0.011763405576348314
uri-bytestring,0.011763405576348314
xml-conduit-parse,0.011763405576348314
path-extra,0.011758781987238991
matrix,0.011755863945291234
classy-prelude-conduit,0.011755535967092383
ihaskell-blaze,0.011751538509270186
stackage-build-plan,0.011746031787778359
bytestring-trie,0.011741801526940267
log-domain,0.011721787457354376
control-monad-free,0.01171556435515598
HandsomeSoup,0.011714285651589962
sendfile,0.011713660224708143
djinn-lib,0.011706873751434154
STMonadTrans,0.011704062948505083
basic-prelude,0.01170211491967703
aeson-compat,0.01169725354844773
hlibsass,0.011694314287160532
options,0.011681528312649713
data-ordlist,0.011680099827425072
attoparsec-enumerator,0.01166876827920439
blaze-builder-enumerator,0.01166876827920439
hackage-db,0.01166774775824288
binary-conduit,0.01166146158679113
network-attoparsec,0.011660953110916932
drifter,0.011650000039953748
HCodecs,0.011650000039953748
language-haskell-extract,0.011650000039953748
messagepack,0.011650000039953748
monad-primitive,0.011650000039953748
phantom-state,0.011650000039953748
pipes-bgzf,0.011650000039953748
preprocessor-tools,0.011650000039953748
Yampa,0.011650000039953748
fasta,0.011648626144496223
ghc-mtl,0.011647254558581153
ghc-session,0.011647254558581153
list-prompt,0.011647254558581153
yes-precure5-command,0.011647254558581153
gitlib,0.011643976109880905
tagstream-conduit,0.011643346916496522
hoauth2,0.011621758345259397
rest-stringmap,0.011611519759743496
uri-templater,0.0116063253728402
persistent-sqlite,0.01160173954906065
tasty-smallcheck,0.011573571875966342
distributed-static,0.011571936199135253
List,0.011563982316571936
hsx-jmacro,0.011549229072288662
lucid-svg,0.011549009230770763
vector-space,0.011538503643021614
wai-session,0.011523076924495407
werewolf,0.011521906209680096
wai-transformers,0.01151980532430164
refact,0.011515291418114556
apiary-session,0.011482352924067536
ghc-typelits-extra,0.011473817384844277
ghc-typelits-natnormalise,0.011473817384844277
bitcoin-block,0.01147179999403307
gi-cairo,0.01147179999403307
gi-gdkpixbuf,0.01147179999403307
gi-pango,0.01147179999403307
groom,0.011470609693987369
regex-pcre,0.011468681369442502
crypto-numbers,0.011456714271553219
diagrams-solve,0.01145413961569122
distributed-process-async,0.011450213025614185
hflags,0.011450000077020385
xmlhtml,0.011446598913289571
avers,0.011443337500604694
bencode,0.011430379294888562
multipart,0.01142094144377098
brick,0.011419650309126372
blaze-bootstrap,0.011414285699138427
bmp,0.011414285699138427
Chart-cairo,0.011414285699138427
cipher-blowfish,0.011414285699138427
cipher-camellia,0.011414285699138427
digestive-functors-blaze,0.011414285699138427
fold-debounce,0.011414285699138427
github-webhook-handler,0.011414285699138427
HaskellNet,0.011414285699138427
here,0.011414285699138427
hspec-wai,0.011414285699138427
logging-facade,0.011414285699138427
nicify-lib,0.011414285699138427
partial-handler,0.011414285699138427
ratel,0.011414285699138427
rest-gen,0.011414285699138427
servant-client,0.011414285699138427
debian-build,0.011412268160715437
executable-hash,0.011412268160715437
Genbank,0.011412268160715437
ignore,0.011412268160715437
opaleye,0.011412268160715437
opaleye-trans,0.011412268160715437
flexible-defaults,0.011402309944805901
bytestring-lexing,0.011399583536950288
BoundedChan,0.011399583536950288
mutable-containers,0.0113805284403659
optparse-simple,0.011359463954469157
ghc-syb-utils,0.011356638474323423
X11,0.011345365680048928
poly-arity,0.01133507858522448
tries,0.01133507858522448
boxes,0.011323531507520038
zeromq4-haskell,0.011323420836870768
BlogLiterately,0.01131403032711091
diagrams-builder,0.011311510796079421
cryptohash-conduit,0.011309308042448103
largeword,0.011261898023008152
Rasterific,0.011260337167693521
string-conv,0.011258993393275895
happstack-authenticate,0.01125598115271715
gd,0.011255434782942766
rasterific-svg,0.011245510539457496
svg-tree,0.011245510539457496
hledger,0.011238450384172443
ad,0.011237499972339728
distributed-process-supervisor,0.011237499972339728
http-client-openssl,0.011237499972339728
matrices,0.011237499972339728
plot-gtk-ui,0.011237499972339728
vcswrapper,0.011237499972339728
wai-eventsource,0.011237499972339728
xlsx,0.011237499972339728
omnifmt,0.011236772489311929
leveldb-haskell,0.011235955080537083
postgresql-schema,0.011235955080537083
servant-JuicyPixels,0.011235955080537083
text-ldap,0.011235955080537083
psqueues,0.011234222254410028
hw-parser,0.011227921411849778
aeson-better-errors,0.011226472592796454
dlist-instances,0.011226206798349452
GLURaw,0.011220865739823928
ObjectName,0.011220865739823928
sourcemap,0.011214351741419605
charsetdetect-ae,0.011212345979248892
dpor,0.011204499932355255
abstract-deque,0.011201046946058979
monad-unlift,0.01119186347118771
simple-sendfile,0.011184294059216327
pandoc-citeproc,0.011183983248634228
conceit,0.011182528423166496
HDBC-session,0.011174744048894361
relational-schemas,0.011174744048894361
sql-words,0.01115983618772419
blastxml,0.011149651601024602
newtype-generics,0.011143564861897425
ghc-mod,0.011141467823253455
placeholders,0.01111483784745361
bimap,0.011100000026635835
diagrams,0.011100000026635835
luminance,0.011100000026635835
lzma-conduit,0.011100000026635835
memcached-binary,0.011100000026635835
microlens-ghc,0.011100000026635835
postgresql-orm,0.011100000026635835
stackage-cabal,0.011100000026635835
stackage-sandbox,0.011100000026635835
stackage-setup,0.011100000026635835
strict-base-types,0.011100000026635835
tinytemplate,0.011100000026635835
token-bucket,0.011100000026635835
transformers-lift,0.011100000026635835
webkitgtk3-javascriptcore,0.011100000026635835
clay,0.01109880752404684
urlpath,0.01109880752404684
hapistrano,0.011098779186258569
GLUT,0.011098779186258569
ical,0.011098779186258569
OpenGL,0.011098779186258569
smallcaps,0.011098779186258569
TCache,0.011094473493594713
generic-xmlpickler,0.011090578257670824
skein,0.01108838158056746
wai-middleware-content-type,0.011080997793192644
harp,0.011078033722065337
edit-distance,0.011074370015430433
ghc-exactprint,0.011073673731293402
rvar,0.011072409357875594
hxt-http,0.011054285716284286
oo-prototypes,0.011039153665789048
pointedlist,0.011039153665789048
parseargs,0.011031355940334296
hpack,0.0110276219454101
base64-string,0.011027285716118067
ixset,0.01102641586512619
reform-happstack,0.01102641586512619
reform-hsp,0.01102641586512619
gnutls,0.011024034453639624
yi,0.011021326819268583
yi-language,0.011021326819268583
yi-rope,0.011021326819268583
aeson-utils,0.011015941518830922
hxt-pickle-utils,0.011015941518830922
rest-types,0.011015941518830922
esqueleto,0.011013793074525902
network-multicast,0.011013793074525902
EntrezHTTP,0.011007051984507922
language-ecmascript,0.010999181127607897
spoon,0.010999181127607897
tasty-th,0.010999181127607897
traverse-with-class,0.010999181127607897
type-eq,0.010999181127607897
heist,0.010993132199218972
aeson-casing,0.010990000047022486
amazonka-ses,0.010990000047022486
hasty-hamiltonian,0.010990000047022486
hworker,0.010990000047022486
language-c,0.010990000047022486
mighty-metropolis,0.010990000047022486
natural-sort,0.010990000047022486
readable,0.010990000047022486
speedy-slice,0.010990000047022486
streaming,0.010990000047022486
tree-view,0.010990000047022486
tzdata,0.010990000047022486
testing-feat,0.010989926307382835
RSA,0.010989521711718488
editor-open,0.010989010992736727
courier,0.010989010992736727
libnotify,0.010989010992736727
osdkeys,0.010989010992736727
packdeps,0.010989010992736727
servant-mock,0.010989010992736727
pipes-transduce,0.01097371850648406
ReadArgs,0.010965424494925019
SafeSemaphore,0.010956544721647102
yesod-newsfeed,0.010949472519708401
sqlite-simple,0.01094901961274446
hdocs,0.010937013479464784
lambdacube-ir,0.010935455805470907
silently,0.010928131159857437
unbound-generics,0.010927503598077246
io-storage,0.010923380964034177
text-binary,0.01091695416357131
gnuidn,0.010910241385190611
gsasl,0.010910241385190611
apiary-cookie,0.010900000006076889
buffer-builder,0.010900000006076889
cipher-aes128,0.010900000006076889
explicit-exception,0.010900000006076889
flock,0.010900000006076889
gpolyline,0.010900000006076889
hmatrix-gsl,0.010900000006076889
hstatistics,0.010900000006076889
multiset,0.010900000006076889
network-transport-tcp,0.010900000006076889
swagger2,0.010900000006076889
utility-ht,0.010900000006076889
wai-predicates,0.010900000006076889
wai-route,0.010900000006076889
BlogLiterately-diagrams,0.010899182580896576
clumpiness,0.010899182580896576
descriptive,0.010899182580896576
diagrams-rasterific,0.010899182580896576
ede,0.010899182580896576
find-clumpiness,0.010899182580896576
github-release,0.010899182580896576
hindent,0.010899182580896576
optparse-generic,0.010899182580896576
stratosphere,0.010899182580896576
happstack-hsp,0.010889229021731816
web-routes-happstack,0.010889229021731816
tinylog,0.01088771924492904
rethinkdb-client-driver,0.010884537692975307
html-conduit,0.010881430010495529
warp-tls,0.010878826288982577
ghc-parser,0.010876667860313381
system-argv0,0.010876667860313381
http-accept,0.010873044137151745
text-zipper,0.010869650295808459
with-location,0.010869241759792212
pred-set,0.010863874367292532
graph-core,0.010861032732391331
sbv,0.010856786548230035
ixset-typed,0.01085470942390203
apiary-logger,0.010825000019976877
irc-conduit,0.010825000019976877
imagesize-conduit,0.010825000019976877
pdf-toolbox-content,0.010825000019976877
binary-bits,0.010824313072248116
diversity,0.010824313072248116
extract-dependencies,0.010824313072248116
file-modules,0.010824313072248116
language-lua2,0.010824313072248116
lexer-applicative,0.010824313072248116
modify-fasta,0.010824313072248116
octane,0.010824313072248116
pager,0.010824313072248116
regex-tdfa-text,0.010824313072248116
stack-run-auto,0.010824313072248116
stylish-haskell,0.010824313072248116
waitra,0.010824313072248116
xmonad,0.010824313072248116
http-reverse-proxy,0.010822189108721939
bytestring-mmap,0.01081153081135219
zlib-enum,0.01081153081135219
intervals,0.010789940824599602
monad-journal,0.010774936882996366
irc,0.010765482137539957
network-conduit-tls,0.010765482137539957
bitcoin-api,0.010761538462247708
blank-canvas,0.010761538462247708
ekg-json,0.010761538462247708
Rlang-QQ,0.010761538462247708
unix-bytestring,0.010761538462247708
xformat,0.010761538462247708
base32string,0.010760953104840052
handwriting,0.010760953104840052
haskintex,0.010760953104840052
network-anonymous-tor,0.010760953104840052
servant-js,0.010760953104840052
splice,0.010760953104840052
rose-trees,0.010748115183076112
xml-conduit-writer,0.01074636717297836
bytestring-read,0.010738081248737225
binary-parser,0.010734068673955344
commutative,0.010730878536979946
invariant,0.010730878536979946
http-common,0.01072332756321788
openssl-streams,0.01072332756321788
cabal-helper,0.010711220037406582
exception-mtl,0.010707142849569218
knob,0.010707142849569218
mainland-pretty,0.010707142849569218
monadcryptorandom,0.010707142849569218
static-canvas,0.010707142849569218
symbol,0.010707142849569218
hackmanager,0.01070663810888834
htoml,0.01070663810888834
tasty-hspec,0.01070663810888834
threads,0.01069732799045945
time-compat,0.01069732799045945
cereal-conduit,0.010694835454821722
tuple,0.010694389464988498
js-flot,0.01069421708525625
js-jquery,0.01069421708525625
data-accessor-mtl,0.010678776374941287
ide-backend-common,0.010678776374941287
hjsmin,0.010676492270196352
debian,0.010671408317106166
Unixutils,0.010671408317106166
hpc,0.010667843122598669
circle-packing,0.01066419879109163
force-layout,0.01066419879109163
expiring-cache-map,0.01065999999293127
gi-atk,0.01065999999293127
gi-gdk,0.01065999999293127
monad-skeleton,0.01065999999293127
mstate,0.01065999999293127
NineP,0.01065999999293127
rematch,0.01065999999293127
yesod-fb,0.01065999999293127
asciidiagram,0.010659560279198893
control-monad-omega,0.010659560279198893
hxt-curl,0.010659560279198893
hxt-expat,0.010659560279198893
hxt-tagsoup,0.010659560279198893
servant-docs,0.010659560279198893
xml-to-json,0.010659560279198893
managed,0.010658682649669174
hex,0.010650937768531347
stackage-types,0.010646031761142533
ini,0.01064543577345151
dns,0.010634845733875417
mustache,0.010618363496643354
network-transport-zeromq,0.010618363496643354
lazy-csv,0.0106143823306411
multiset-comb,0.0106143823306411
permutation,0.0106143823306411
bzlib,0.010613618029750544
binary-search,0.01058553287060932
ascii-progress,0.010582352917990655
concurrent-extra,0.010582352917990655
fn,0.010582352917990655
irc-dcc,0.010582352917990655
simpleirc,0.010582352917990655
wai-util,0.010582352917990655
heredoc,0.010582181705080695
hamlet,0.010582010594763266
lambdacube-gl,0.010582010594763266
morte,0.010582010594763266
yesod-static-angular,0.010582010594763266
crackNum,0.010565695696673056
IfElse,0.010563793100300254
openpgp-asciiarmor,0.010561461560155304
happstack-jmacro,0.010559229025266187
userid,0.010559229025266187
web-routes-hsp,0.010559229025266187
bitwise,0.010550000013317922
GenericPretty,0.010550000013317922
gitlib-libgit2,0.010550000013317922
hmt,0.010550000013317922
hosc,0.010550000013317922
iterable,0.010550000013317922
Octree,0.010550000013317922
pipes-network,0.010550000013317922
PortMidi,0.010550000013317922
recursion-schemes,0.010550000013317922
serialport,0.010550000013317922
snmp,0.010550000013317922
time-parsers,0.010550000013317922
api-field-json-th,0.010549694588491594
classy-prelude-yesod,0.010549694588491594
cron,0.010549694588491594
pusher-http-haskell,0.010549694588491594
yesod-job-queue,0.010549694588491594
concurrent-supply,0.010546734338140604
uu-parsinglib,0.010546734338140604
text-manipulate,0.010539509561497774
kansas-comet,0.010532696177651823
bytestring-progress,0.01052105260780082
bloodhound,0.01052105260780082
control-monad-loop,0.01052105260780082
diagrams-postscript,0.01052105260780082
dotnet-timespan,0.01052105260780082
fay-dom,0.01052105260780082
hgettext,0.01052105260780082
katip,0.01052105260780082
pcap,0.01052105260780082
protobuf,0.01052105260780082
redis-resp,0.01052105260780082
SVGFonts,0.01052105260780082
dbmigrations,0.01052077856228057
HDBC-sqlite3,0.01052077856228057
HDBC-postgresql,0.01052077856228057
hw-json,0.01052077856228057
yaml-light,0.01052077856228057
simple-templates,0.010510561884584612
uglymemo,0.010510382623987681
approximate,0.010495000023511248
bits,0.010495000023511248
bzlib-conduit,0.010495000023511248
cereal-vector,0.010495000023511248
plan-b,0.010495000023511248
siphash,0.010495000023511248
csv-conduit,0.010494752618586374
binary-orphans,0.01049337749703548
disk-free-space,0.010480459763202825
xml-hamlet,0.010476793098596325
inflections,0.010472037682986874
scrypt,0.010472037682986874
gamma,0.010471428566379481
load-env,0.010471204190972498
nested-routes,0.010471204190972498
pred-trie,0.010471204190972498
stackage-metadata,0.010471204190972498
wai-middleware-verbs,0.010471204190972498
yesod-auth-oauth2,0.010471204190972498
map-syntax,0.01045346671407061
code-builder,0.01045200570471935
HStringTemplate,0.01045200570471935
github,0.010450000003038449
pipes-wai,0.010450000003038449
pipes-aeson,0.010450000003038449
reroute,0.01043676015047823
aws,0.01043304494454697
twitter-types-lens,0.010430434791778688
codex,0.010430247728277577
consul-haskell,0.010430247728277577
ghc-imported-from,0.010430247728277577
machines-directory,0.010430247728277577
process-streaming,0.010430247728277577
wai-conduit,0.010430247728277577
wai-middleware-consul,0.010430247728277577
bool-extras,0.010414847778182041
haxr,0.010414847778182041
avers-api,0.010412500009988444
css-syntax,0.010412500009988444
HPDF,0.010412500009988444
kraken,0.010412500009988444
spool,0.010412500009988444
cautious-file,0.010412328186415498
diagrams-haddock,0.010412328186415498
json,0.010404883949802157
tabular,0.010397359490372432
wizards,0.010397359490372432
haskell-src,0.010395841663460713
holy-project,0.010395841663460713
HTF,0.010395841663460713
xmlgen,0.010395841663460713
hlibgit2,0.010386833333432158
hs-bibutils,0.010381798060342843
rfc5051,0.010381798060342843
bytestring-tree-builder,0.01038076923112386
clash-systemverilog,0.01038076923112386
clash-verilog,0.01038076923112386
clash-vhdl,0.01038076923112386
contravariant-extras,0.01038076923112386
postgresql-binary,0.01038076923112386
cql,0.01036666666594102
riak-protobuf,0.01036666666594102
smtp-mail,0.01036666666594102
HaRe,0.010366530910536985
rosezipper,0.010366530910536985
Strafunski-StrategyLib,0.010366530910536985
syz,0.010366530910536985
wai-middleware-crowd,0.010366530910536985
sandi,0.010355197630199235
lambdacube-compiler,0.010353445208936532
vect,0.010353445208936532
djinn-ghc,0.010344689154782108
binary-shared,0.010341261630468135
leksah-server,0.010341261630468135
ltk,0.010341261630468135
project-template,0.010337843126133039
http-link-header,0.010333725819136825
iso8601-time,0.010333725819136825
data-hash,0.010327653991578572
EdisonCore,0.010327653991578572
equivalence,0.010327653991578572
geniplate-mirror,0.010327653991578572
monadplus,0.010327653991578572
cabal-debian,0.010319251847285165
hackage-mirror,0.010319251847285165
hsemail,0.010319251847285165
set-extra,0.010319251847285165
thyme,0.010319251847285165
monadloc,0.010309374993084939
Workflow,0.010309374993084939
b9,0.010309278352317883
ConfigFile,0.010309278352317883
microformats2-parser,0.010309278352317883
template,0.010309278352317883
xml-lens,0.010309278352317883
crypto-pubkey,0.010300000002025635
hOpenPGP,0.010300000002025635
wl-pprint-terminfo,0.010300000002025635
BlastHTTP,0.01029990910612592
hierarchical-clustering,0.01029990910612592
RNAlien,0.01029990910612592
ViennaRNAParser,0.01029990910612592
cmark,0.010295895729788876
hslua,0.010295895729788876
texmath,0.010295895729788876
jwt,0.010293247919571522
pwstore-purehaskell,0.010293247919571522
web-routes-boomerang,0.010293247919571522
composition-tree,0.010291090852540352
cryptol,0.010291090852540352
dixi,0.010291090852540352
generic-trie,0.010291090852540352
GraphSCC,0.010291090852540352
hledger-web,0.010291090852540352
monadLib,0.010291090852540352
patches-vector,0.010291090852540352
presburger,0.010291090852540352
servant-blaze,0.010291090852540352
simple-smt,0.010291090852540352
smtLib,0.010291090852540352
timezone-olson,0.010291090852540352
wai-handler-launch,0.010291090852540352
Cabal-ide-backend,0.010282776356132296
ide-backend,0.010282776356132296
binary-tagged,0.010277494786052149
happstack-server-tls,0.010265981091288276
uuid-orphans,0.010265981091288276
incremental-parser,0.010261461529316885
nettle,0.010261461529316885
dynamic-state,0.010259788414646469
dyre,0.010259788414646469
word-trie,0.010259788414646469
annotated-wl-pprint,0.010241404532937431
darcs,0.010241404532937431
idris,0.010241404532937431
regex-compat-tdfa,0.010241404532937431
keter,0.01023565818178356
bower-json,0.010215170611038292
hformat,0.010215170611038292
hsdev,0.010215170611038292
pipes-http,0.010215170611038292
pattern-arrows,0.010215170611038292
purescript,0.010215170611038292
simple-log,0.010215170611038292
spdx,0.010215170611038292
text-region,0.010215170611038292
amazonka-s3,0.010159651662591869
monad-unlift-ref,0.010159651662591869
stackage-curator,0.010159651662591869
filelock,0.010117843116483954
hit,0.010117843116483954
regex-applicative-text,0.010117843116483954
stack,0.010117843116483954
bloomfilter,0.010113793104465012
DAV,0.010113793104465012
fdo-notify,0.010113793104465012
mountpoints,0.010113793104465012
network-protocol-xmpp,0.010113793104465012
tasty-rerun,0.010113793104465012
torrent,0.010113793104465012
yesod-default,0.010113793104465012
ace,0.010000000000000009
action-permutations,0.010000000000000009
auto,0.010000000000000009
avers-server,0.010000000000000009
bake,0.010000000000000009
bank-holidays-england,0.010000000000000009
barrier,0.010000000000000009
aeson-extra,0.010000000000000009
aeson-lens,0.010000000000000009
agda-snippets-hakyll,0.010000000000000009
agentx,0.010000000000000009
airship,0.010000000000000009
alex,0.010000000000000009
amazonka-apigateway,0.010000000000000009
amazonka-autoscaling,0.010000000000000009
amazonka-certificatemanager,0.010000000000000009
amazonka-cloudformation,0.010000000000000009
amazonka-cloudfront,0.010000000000000009
amazonka-cloudhsm,0.010000000000000009
amazonka-cloudsearch,0.010000000000000009
amazonka-cloudsearch-domains,0.010000000000000009
amazonka-cloudtrail,0.010000000000000009
amazonka-cloudwatch,0.010000000000000009
amazonka-cloudwatch-events,0.010000000000000009
amazonka-cloudwatch-logs,0.010000000000000009
amazonka-codecommit,0.010000000000000009
amazonka-codedeploy,0.010000000000000009
amazonka-codepipeline,0.010000000000000009
amazonka-cognito-identity,0.010000000000000009
amazonka-cognito-idp,0.010000000000000009
amazonka-cognito-sync,0.010000000000000009
amazonka-config,0.010000000000000009
amazonka-datapipeline,0.010000000000000009
amazonka-devicefarm,0.010000000000000009
amazonka-directconnect,0.010000000000000009
amazonka-dms,0.010000000000000009
amazonka-ds,0.010000000000000009
amazonka-dynamodb,0.010000000000000009
amazonka-dynamodb-streams,0.010000000000000009
amazonka-ec2,0.010000000000000009
amazonka-ecr,0.010000000000000009
amazonka-ecs,0.010000000000000009
amazonka-efs,0.010000000000000009
amazonka-elasticache,0.010000000000000009
amazonka-elasticbeanstalk,0.010000000000000009
amazonka-elasticsearch,0.010000000000000009
amazonka-elastictranscoder,0.010000000000000009
amazonka-elb,0.010000000000000009
amazonka-emr,0.010000000000000009
amazonka-gamelift,0.010000000000000009
amazonka-glacier,0.010000000000000009
amazonka-iam,0.010000000000000009
amazonka-importexport,0.010000000000000009
amazonka-inspector,0.010000000000000009
amazonka-iot,0.010000000000000009
amazonka-iot-dataplane,0.010000000000000009
amazonka-kinesis,0.010000000000000009
amazonka-kinesis-firehose,0.010000000000000009
amazonka-kms,0.010000000000000009
amazonka-lambda,0.010000000000000009
amazonka-marketplace-analytics,0.010000000000000009
amazonka-marketplace-metering,0.010000000000000009
amazonka-ml,0.010000000000000009
amazonka-opsworks,0.010000000000000009
amazonka-rds,0.010000000000000009
amazonka-redshift,0.010000000000000009
amazonka-route53,0.010000000000000009
amazonka-route53-domains,0.010000000000000009
amazonka-sdb,0.010000000000000009
amazonka-sns,0.010000000000000009
amazonka-sqs,0.010000000000000009
amazonka-ssm,0.010000000000000009
amazonka-storagegateway,0.010000000000000009
amazonka-sts,0.010000000000000009
amazonka-support,0.010000000000000009
amazonka-swf,0.010000000000000009
amazonka-test,0.010000000000000009
amazonka-waf,0.010000000000000009
amazonka-workspaces,0.010000000000000009
amqp,0.010000000000000009
angel,0.010000000000000009
anonymous-sums,0.010000000000000009
apiary-authenticate,0.010000000000000009
apiary-clientsession,0.010000000000000009
apiary-eventsource,0.010000000000000009
apiary-memcached,0.010000000000000009
apiary-mongoDB,0.010000000000000009
apiary-persistent,0.010000000000000009
apiary-websockets,0.010000000000000009
apply-refact,0.010000000000000009
app-settings,0.010000000000000009
arbtt,0.010000000000000009
arithmoi,0.010000000000000009
arrow-list,0.010000000000000009
async-dejafu,0.010000000000000009
atndapi,0.010000000000000009
atom-conduit,0.010000000000000009
atomic-write,0.010000000000000009
attoparsec-expr,0.010000000000000009
attoparsec-trans,0.010000000000000009
bytedump,0.010000000000000009
byteset,0.010000000000000009
bytestring-handle,0.010000000000000009
base-noprelude,0.010000000000000009
benchpress,0.010000000000000009
bento,0.010000000000000009
bimap-server,0.010000000000000009
binary-list,0.010000000000000009
binary-typed,0.010000000000000009
bindings-posix,0.010000000000000009
bioace,0.010000000000000009
biofastq,0.010000000000000009
biophd,0.010000000000000009
biopsl,0.010000000000000009
bitcoin-api-extra,0.010000000000000009
blake2,0.010000000000000009
both,0.010000000000000009
bound,0.010000000000000009
broadcast-chan,0.010000000000000009
bson-lens,0.010000000000000009
btrfs,0.010000000000000009
bumper,0.010000000000000009
bustle,0.010000000000000009
c2hs,0.010000000000000009
cabal-dependency-licenses,0.010000000000000009
cabal-file-th,0.010000000000000009
cabal-install,0.010000000000000009
cabal-rpm,0.010000000000000009
cabal-sort,0.010000000000000009
cabal-src,0.010000000000000009
calculator,0.010000000000000009
cartel,0.010000000000000009
cased,0.010000000000000009
cases,0.010000000000000009
cayley-client,0.010000000000000009
cgi,0.010000000000000009
ChannelT,0.010000000000000009
Chart-diagrams,0.010000000000000009
ChasingBottoms,0.010000000000000009
cheapskate-highlight,0.010000000000000009
cheapskate-lucid,0.010000000000000009
check-email,0.010000000000000009
checkers,0.010000000000000009
chell-quickcheck,0.010000000000000009
clash-ghc,0.010000000000000009
clckwrks-cli,0.010000000000000009
clckwrks-plugin-media,0.010000000000000009
clckwrks-plugin-page,0.010000000000000009
clckwrks-theme-bootstrap,0.010000000000000009
clustering,0.010000000000000009
comonads-fd,0.010000000000000009
comonad-transformers,0.010000000000000009
compactmap,0.010000000000000009
compdata,0.010000000000000009
compressed,0.010000000000000009
conduit-connection,0.010000000000000009
conduit-iconv,0.010000000000000009
configuration-tools,0.010000000000000009
configurator-export,0.010000000000000009
containers-unicode-symbols,0.010000000000000009
control-bool,0.010000000000000009
country-codes,0.010000000000000009
cql-io,0.010000000000000009
crypto-api-tests,0.010000000000000009
cryptocipher,0.010000000000000009
crypto-cipher-tests,0.010000000000000009
cryptonite-conduit,0.010000000000000009
crypto-random-api,0.010000000000000009
ctrie,0.010000000000000009
cubicspline,0.010000000000000009
data-memocombinators,0.010000000000000009
data-or,0.010000000000000009
dataurl,0.010000000000000009
dawg-ord,0.010000000000000009
declarative,0.010000000000000009
dependent-map,0.010000000000000009
dependent-sum-template,0.010000000000000009
deriving-compat,0.010000000000000009
diagrams-canvas,0.010000000000000009
diagrams-gtk,0.010000000000000009
diagrams-html5,0.010000000000000009
dice,0.010000000000000009
diff3,0.010000000000000009
digestive-bootstrap,0.010000000000000009
digestive-functors-aeson,0.010000000000000009
digestive-functors-lucid,0.010000000000000009
digits,0.010000000000000009
dimensional,0.010000000000000009
discount,0.010000000000000009
distributed-closure,0.010000000000000009
distributed-process-execution,0.010000000000000009
distributed-process-registry,0.010000000000000009
distributed-process-simplelocalnet,0.010000000000000009
distributed-process-task,0.010000000000000009
distributed-process-tests,0.010000000000000009
dockerfile,0.010000000000000009
docopt,0.010000000000000009
doctest-discover,0.010000000000000009
dotenv,0.010000000000000009
download,0.010000000000000009
drawille,0.010000000000000009
DRBG,0.010000000000000009
drifter-postgresql,0.010000000000000009
Ebnf2ps,0.010000000000000009
exhaustive,0.010000000000000009
farmhash,0.010000000000000009
effect-handlers,0.010000000000000009
ekg,0.010000000000000009
ekg-statsd,0.010000000000000009
elm-bridge,0.010000000000000009
elm-core-sources,0.010000000000000009
engine-io-wai,0.010000000000000009
engine-io-yesod,0.010000000000000009
envelope,0.010000000000000009
envy,0.010000000000000009
eq,0.010000000000000009
etcd,0.010000000000000009
ether,0.010000000000000009
event,0.010000000000000009
eventstore,0.010000000000000009
exact-combinatorics,0.010000000000000009
exact-real,0.010000000000000009
exceptional,0.010000000000000009
extensible-effects,0.010000000000000009
hakyll-sass,0.010000000000000009
happstack-clientsession,0.010000000000000009
happy,0.010000000000000009
fast-builder,0.010000000000000009
fay-builder,0.010000000000000009
fay-jquery,0.010000000000000009
fay-uri,0.010000000000000009
fb-persistent,0.010000000000000009
feature-flags,0.010000000000000009
FenwickTree,0.010000000000000009
fgl-arbitrary,0.010000000000000009
filecache,0.010000000000000009
file-location,0.010000000000000009
FindBin,0.010000000000000009
fingertree-psqueue,0.010000000000000009
fixed-list,0.010000000000000009
fixed-vector-hetero,0.010000000000000009
flat-mcmc,0.010000000000000009
flow,0.010000000000000009
fn-extra,0.010000000000000009
fold-debounce-conduit,0.010000000000000009
forecast-io,0.010000000000000009
foreign-store,0.010000000000000009
formatting,0.010000000000000009
Frames,0.010000000000000009
freenect,0.010000000000000009
frisby,0.010000000000000009
frontmatter,0.010000000000000009
funcmp,0.010000000000000009
fuzzcheck,0.010000000000000009
generics-eot,0.010000000000000009
getopt-generics,0.010000000000000009
ghc-events,0.010000000000000009
ghc-heap-view,0.010000000000000009
ghcid,0.010000000000000009
ghcjs-codemirror,0.010000000000000009
ghcjs-dom,0.010000000000000009
gi-gtk,0.010000000000000009
gipeda,0.010000000000000009
giphy-api,0.010000000000000009
git-annex,0.010000000000000009
git-fmt,0.010000000000000009
github-backup,0.010000000000000009
github-webhook-handler-snap,0.010000000000000009
gitlib-test,0.010000000000000009
gitson,0.010000000000000009
google-cloud,0.010000000000000009
GPipe-GLFW,0.010000000000000009
graphs,0.010000000000000009
graph-wrapper,0.010000000000000009
gravatar,0.010000000000000009
graylog,0.010000000000000009
groundhog-mysql,0.010000000000000009
groundhog-postgresql,0.010000000000000009
groundhog-sqlite,0.010000000000000009
groundhog-th,0.010000000000000009
grouped-list,0.010000000000000009
groupoids,0.010000000000000009
growler,0.010000000000000009
gtk2hs-buildtools,0.010000000000000009
gtksourceview3,0.010000000000000009
H,0.010000000000000009
hackage-whatsnew,0.010000000000000009
haddocset,0.010000000000000009
hdevtools,0.010000000000000009
hashable-time,0.010000000000000009
haskell-neo4j-client,0.010000000000000009
HaskellNet-SSL,0.010000000000000009
haskell-spacegoo,0.010000000000000009
hasql,0.010000000000000009
haxl-amazonka,0.010000000000000009
hbayes,0.010000000000000009
hbeanstalk,0.010000000000000009
hdaemonize,0.010000000000000009
ide-backend-rts,0.010000000000000009
ide-backend-server,0.010000000000000009
ig,0.010000000000000009
ihaskell-aeson,0.010000000000000009
heaps,0.010000000000000009
hebrew-time,0.010000000000000009
hfsevents,0.010000000000000009
hidapi,0.010000000000000009
highjson,0.010000000000000009
histogram-fill,0.010000000000000009
hjpath,0.010000000000000009
hledger-interest,0.010000000000000009
hledger-ui,0.010000000000000009
hoogle,0.010000000000000009
hoopl,0.010000000000000009
hopenpgp-tools,0.010000000000000009
hopenssl,0.010000000000000009
hostname-validate,0.010000000000000009
hpc-coveralls,0.010000000000000009
hPDB,0.010000000000000009
hprotoc,0.010000000000000009
hsb2hs,0.010000000000000009
hsebaysdk,0.010000000000000009
hse-cpp,0.010000000000000009
hsexif,0.010000000000000009
hs-GeoIP,0.010000000000000009
hsignal,0.010000000000000009
hsndfile-vector,0.010000000000000009
hspec-attoparsec,0.010000000000000009
hspec-contrib,0.010000000000000009
hspec-expectations-pretty-diff,0.010000000000000009
hspec-jenkins,0.010000000000000009
hspec-megaparsec,0.010000000000000009
hspec-meta,0.010000000000000009
hspec-setup,0.010000000000000009
hspec-smallcheck,0.010000000000000009
hspec-snap,0.010000000000000009
hspec-wai-json,0.010000000000000009
hspec-webdriver,0.010000000000000009
hstatsd,0.010000000000000009
htaglib,0.010000000000000009
httpd-shed,0.010000000000000009
human-readable-duration,0.010000000000000009
hunit-dejafu,0.010000000000000009
hweblib,0.010000000000000009
hworker-ses,0.010000000000000009
hw-succinct,0.010000000000000009
hxt-css,0.010000000000000009
hxt-relaxng,0.010000000000000009
hybrid-vectors,0.010000000000000009
hyperloglog,0.010000000000000009
hyphenation,0.010000000000000009
hzulip,0.010000000000000009
io-region,0.010000000000000009
ip6addr,0.010000000000000009
irc-client,0.010000000000000009
ihaskell-basic,0.010000000000000009
ihaskell-charts,0.010000000000000009
ihaskell-diagrams,0.010000000000000009
ihaskell-hatex,0.010000000000000009
ihaskell-inline-r,0.010000000000000009
ihaskell-juicypixels,0.010000000000000009
ihaskell-magic,0.010000000000000009
ihaskell-rlangqq,0.010000000000000009
immortal,0.010000000000000009
include-file,0.010000000000000009
indents,0.010000000000000009
inline-c-cpp,0.010000000000000009
insert-ordered-containers,0.010000000000000009
integration,0.010000000000000009
interpolate,0.010000000000000009
interpolatedstring-perl6,0.010000000000000009
IntervalMap,0.010000000000000009
io-choice,0.010000000000000009
io-machine,0.010000000000000009
io-memoize,0.010000000000000009
jsaddle,0.010000000000000009
json-autotype,0.010000000000000009
json-builder,0.010000000000000009
JuicyPixels-repa,0.010000000000000009
islink,0.010000000000000009
iso3166-country-codes,0.010000000000000009
iso639,0.010000000000000009
jmacro-rpc-happstack,0.010000000000000009
jmacro-rpc-snap,0.010000000000000009
jose,0.010000000000000009
jose-jwt,0.010000000000000009
koofr-client,0.010000000000000009
kure,0.010000000000000009
JuicyPixels-scale-dct,0.010000000000000009
JuicyPixels-util,0.010000000000000009
kanji,0.010000000000000009
katip-elasticsearch,0.010000000000000009
kdt,0.010000000000000009
keycode,0.010000000000000009
kmeans,0.010000000000000009
librato,0.010000000000000009
libsystemd-journal,0.010000000000000009
lift-generics,0.010000000000000009
lackey,0.010000000000000009
language-c-quote,0.010000000000000009
language-java,0.010000000000000009
language-nix,0.010000000000000009
language-thrift,0.010000000000000009
latex-formulae-hakyll,0.010000000000000009
lattices,0.010000000000000009
lca,0.010000000000000009
lens-action,0.010000000000000009
lens-datetime,0.010000000000000009
lens-regex,0.010000000000000009
lentil,0.010000000000000009
lhs2tex,0.010000000000000009
libgit,0.010000000000000009
libinfluxdb,0.010000000000000009
linear-accelerate,0.010000000000000009
linux-file-extents,0.010000000000000009
linux-namespaces,0.010000000000000009
list-fusion-probe,0.010000000000000009
logfloat,0.010000000000000009
ltext,0.010000000000000009
luminance-samples,0.010000000000000009
machines-binary,0.010000000000000009
machines-process,0.010000000000000009
mandrill,0.010000000000000009
markup,0.010000000000000009
MASMGen,0.010000000000000009
maximal-cliques,0.010000000000000009
mbox,0.010000000000000009
memoization-utils,0.010000000000000009
messagepack-rpc,0.010000000000000009
metrics,0.010000000000000009
MFlow,0.010000000000000009
microlens-aeson,0.010000000000000009
microlens-contra,0.010000000000000009
microlens-platform,0.010000000000000009
midair,0.010000000000000009
mime-mail-ses,0.010000000000000009
misfortune,0.010000000000000009
missing-foreign,0.010000000000000009
mockery,0.010000000000000009
moesocks,0.010000000000000009
mole,0.010000000000000009
monad-coroutine,0.010000000000000009
monad-extras,0.010000000000000009
monad-http,0.010000000000000009
monadic-arrays,0.010000000000000009
monad-logger-json,0.010000000000000009
monad-logger-syslog,0.010000000000000009
monad-products,0.010000000000000009
monad-st,0.010000000000000009
monad-time,0.010000000000000009
monoidal-containers,0.010000000000000009
msi-kb-backlit,0.010000000000000009
mtl-prelude,0.010000000000000009
multiarg,0.010000000000000009
multimap,0.010000000000000009
multiplate,0.010000000000000009
MusicBrainz,0.010000000000000009
nagios-check,0.010000000000000009
nano-erl,0.010000000000000009
nanospec,0.010000000000000009
nationstates,0.010000000000000009
natural-transformation,0.010000000000000009
ndjson-conduit,0.010000000000000009
neat-interpolation,0.010000000000000009
network-anonymous-i2p,0.010000000000000009
network-carbon,0.010000000000000009
network-house,0.010000000000000009
Network-NineP,0.010000000000000009
network-transport-composed,0.010000000000000009
network-transport-inmemory,0.010000000000000009
network-transport-tests,0.010000000000000009
nix-paths,0.010000000000000009
NoTrace,0.010000000000000009
nsis,0.010000000000000009
numbers,0.010000000000000009
numeric-extras,0.010000000000000009
objective,0.010000000000000009
ofx,0.010000000000000009
once,0.010000000000000009
pipes-illumina,0.010000000000000009
pipes-mongodb,0.010000000000000009
pkcs10,0.010000000000000009
plot-gtk,0.010000000000000009
plot-gtk3,0.010000000000000009
opensource,0.010000000000000009
operational-class,0.010000000000000009
opml-conduit,0.010000000000000009
optparse-helper,0.010000000000000009
pagerduty,0.010000000000000009
palette,0.010000000000000009
parallel-io,0.010000000000000009
partial-isomorphisms,0.010000000000000009
pathwalk,0.010000000000000009
pcre-utils,0.010000000000000009
pdfinfo,0.010000000000000009
pdf-toolbox-document,0.010000000000000009
persistent-mongoDB,0.010000000000000009
persistent-mysql,0.010000000000000009
persistent-postgresql,0.010000000000000009
persistent-refs,0.010000000000000009
pgp-wordlist,0.010000000000000009
picoparsec,0.010000000000000009
pinch,0.010000000000000009
pinchot,0.010000000000000009
pipes-binary,0.010000000000000009
pipes-cacophony,0.010000000000000009
pipes-cliff,0.010000000000000009
pipes-csv,0.010000000000000009
pipes-extras,0.010000000000000009
pipes-fastx,0.010000000000000009
pointful,0.010000000000000009
pointless-fun,0.010000000000000009
posix-realtime,0.010000000000000009
postgresql-simple-url,0.010000000000000009
postgresql-transactional,0.010000000000000009
post-mess-age,0.010000000000000009
prednote,0.010000000000000009
prefix-units,0.010000000000000009
prelude-safeenum,0.010000000000000009
pretty-class,0.010000000000000009
pretty-hex,0.010000000000000009
profiteur,0.010000000000000009
profunctor-extras,0.010000000000000009
prometheus-metrics-ghc,0.010000000000000009
prompt,0.010000000000000009
protobuf-simple,0.010000000000000009
protolude,0.010000000000000009
proxied,0.010000000000000009
psql-helpers,0.010000000000000009
PSQueue,0.010000000000000009
publicsuffix,0.010000000000000009
pure-cdb,0.010000000000000009
pure-io,0.010000000000000009
quandl-api,0.010000000000000009
QuasiText,0.010000000000000009
quickcheck-assertions,0.010000000000000009
quickcheck-simple,0.010000000000000009
quickcheck-text,0.010000000000000009
quickcheck-unicode,0.010000000000000009
rainbox,0.010000000000000009
random-tree,0.010000000000000009
range,0.010000000000000009
range-set-list,0.010000000000000009
ratel-wai,0.010000000000000009
raw-strings-qq,0.010000000000000009
read-editor,0.010000000000000009
read-env-var,0.010000000000000009
redis-io,0.010000000000000009
reedsolomon,0.010000000000000009
reform-blaze,0.010000000000000009
reform-hamlet,0.010000000000000009
regex-tdfa-rc,0.010000000000000009
reinterpret-cast,0.010000000000000009
relational-record,0.010000000000000009
repa-algorithms,0.010000000000000009
repa-devil,0.010000000000000009
repa-io,0.010000000000000009
resolve-trivial-conflicts,0.010000000000000009
rest-client,0.010000000000000009
rest-happstack,0.010000000000000009
rest-snap,0.010000000000000009
rest-wai,0.010000000000000009
rethinkdb,0.010000000000000009
rev-state,0.010000000000000009
riak,0.010000000000000009
rng-utils,0.010000000000000009
rotating-log,0.010000000000000009
rss-conduit,0.010000000000000009
runmemo,0.010000000000000009
s3-signer,0.010000000000000009
sandman,0.010000000000000009
scalpel,0.010000000000000009
scanner,0.010000000000000009
sdl2,0.010000000000000009
SegmentTree,0.010000000000000009
semigroupoid-extras,0.010000000000000009
semiring-simple,0.010000000000000009
semver,0.010000000000000009
seqalign,0.010000000000000009
seqloc,0.010000000000000009
serf,0.010000000000000009
servant-cassava,0.010000000000000009
servant-lucid,0.010000000000000009
servant-swagger,0.010000000000000009
servant-yaml,0.010000000000000009
serversession-backend-acid-state,0.010000000000000009
serversession-backend-persistent,0.010000000000000009
serversession-backend-redis,0.010000000000000009
serversession-frontend-snap,0.010000000000000009
serversession-frontend-wai,0.010000000000000009
serversession-frontend-yesod,0.010000000000000009
servius,0.010000000000000009
ses-html,0.010000000000000009
set-monad,0.010000000000000009
shake-language-c,0.010000000000000009
shell-conduit,0.010000000000000009
shelltestrunner,0.010000000000000009
shortcut-links,0.010000000000000009
should-not-typecheck,0.010000000000000009
simple-postgresql-orm,0.010000000000000009
simple-reflect,0.010000000000000009
simple-session,0.010000000000000009
skeletons,0.010000000000000009
slave-thread,0.010000000000000009
slug,0.010000000000000009
smoothie,0.010000000000000009
snaplet-fay,0.010000000000000009
snowflake,0.010000000000000009
soap-openssl,0.010000000000000009
soap-tls,0.010000000000000009
socket,0.010000000000000009
socket-io,0.010000000000000009
sodium,0.010000000000000009
sorted-list,0.010000000000000009
speculation,0.010000000000000009
sphinx,0.010000000000000009
Spintax,0.010000000000000009
Spock-digestive,0.010000000000000009
Spock-lucid,0.010000000000000009
Spock-worker,0.010000000000000009
stackage,0.010000000000000009
stateWriter,0.010000000000000009
statistics-linreg,0.010000000000000009
stm-stats,0.010000000000000009
stopwatch,0.010000000000000009
streaming-bytestring,0.010000000000000009
streamproc,0.010000000000000009
streams,0.010000000000000009
stringbuilder,0.010000000000000009
string-class,0.010000000000000009
string-combinators,0.010000000000000009
string-qq,0.010000000000000009
stripe-haskell,0.010000000000000009
strive,0.010000000000000009
sundown,0.010000000000000009
svg-builder,0.010000000000000009
swagger,0.010000000000000009
sync-mht,0.010000000000000009
system-posix-redirect,0.010000000000000009
tagged-binary,0.010000000000000009
taggy-lens,0.010000000000000009
tardis,0.010000000000000009
tasty-ant-xml,0.010000000000000009
tasty-dejafu,0.010000000000000009
tasty-expected-failure,0.010000000000000009
tasty-fail-fast,0.010000000000000009
tasty-golden,0.010000000000000009
tasty-html,0.010000000000000009
tasty-kat,0.010000000000000009
tasty-silver,0.010000000000000009
tasty-tap,0.010000000000000009
TaxonomyTools,0.010000000000000009
telegram-api,0.010000000000000009
tellbot,0.010000000000000009
temporary-rc,0.010000000000000009
test-framework-smallcheck,0.010000000000000009
test-framework-th,0.010000000000000009
test-framework-th-prime,0.010000000000000009
test-simple,0.010000000000000009
these,0.010000000000000009
through-text,0.010000000000000009
thumbnail-plus,0.010000000000000009
tidal,0.010000000000000009
timeit,0.010000000000000009
time-lens,0.010000000000000009
timemap,0.010000000000000009
tls-debug,0.010000000000000009
tracy,0.010000000000000009
true-name,0.010000000000000009
ttrie,0.010000000000000009
tttool,0.010000000000000009
tuples-homogenous-h98,0.010000000000000009
twitter-conduit,0.010000000000000009
twitter-feed,0.010000000000000009
type-level-numbers,0.010000000000000009
type-list,0.010000000000000009
typelits-witnesses,0.010000000000000009
typography-geometry,0.010000000000000009
tz,0.010000000000000009
ua-parser,0.010000000000000009
uncertain,0.010000000000000009
unification-fd,0.010000000000000009
union,0.010000000000000009
union-find,0.010000000000000009
universe,0.010000000000000009
url,0.010000000000000009
users-persistent,0.010000000000000009
users-postgresql-simple,0.010000000000000009
users-test,0.010000000000000009
utf8-light,0.010000000000000009
vado,0.010000000000000009
validate-input,0.010000000000000009
validation,0.010000000000000009
vcsgui,0.010000000000000009
vector-buffer,0.010000000000000009
vector-fftw,0.010000000000000009
versions,0.010000000000000009
vhd,0.010000000000000009
vinyl-utils,0.010000000000000009
vivid,0.010000000000000009
wai-cors,0.010000000000000009
wai-middleware-caching-lru,0.010000000000000009
wai-middleware-caching-redis,0.010000000000000009
wai-middleware-metrics,0.010000000000000009
wai-middleware-prometheus,0.010000000000000009
wai-middleware-static,0.010000000000000009
wai-middleware-throttle,0.010000000000000009
wai-routes,0.010000000000000009
wai-routing,0.010000000000000009
wai-session-postgresql,0.010000000000000009
wavefront,0.010000000000000009
webdriver-angular,0.010000000000000009
web-fpco,0.010000000000000009
webpage,0.010000000000000009
web-routes-wai,0.010000000000000009
websockets-snap,0.010000000000000009
werewolf-slack,0.010000000000000009
Win32-extras,0.010000000000000009
withdependencies,0.010000000000000009
wordpass,0.010000000000000009
wrap,0.010000000000000009
wuss,0.010000000000000009
Xauth,0.010000000000000009
xdcc,0.010000000000000009
xenstore,0.010000000000000009
xlsior,0.010000000000000009
xlsx-tabular,0.010000000000000009
yackage,0.010000000000000009
YampaSynth,0.010000000000000009
yesod-auth-account,0.010000000000000009
yesod-auth-account-fork,0.010000000000000009
yesod-auth-basic,0.010000000000000009
yesod-auth-deskcom,0.010000000000000009
yesod-auth-fb,0.010000000000000009
yesod-auth-hashdb,0.010000000000000009
yesod-bin,0.010000000000000009
yesod-eventsource,0.010000000000000009
yesod-fay,0.010000000000000009
yesod-form-richtext,0.010000000000000009
yesod-gitrepo,0.010000000000000009
yesod-gitrev,0.010000000000000009
yesod-sitemap,0.010000000000000009
yesod-table,0.010000000000000009
yesod-test,0.010000000000000009
yesod-text-markdown,0.010000000000000009
yesod-websockets,0.010000000000000009
yi-fuzzy-open,0.010000000000000009
yjtools,0.010000000000000009
zero,0.010000000000000009
zim-parser,0.010000000000000009
zip,0.010000000000000009
zippers,0.010000000000000009
zlib-lens,0.010000000000000009
zot,0.010000000000000009